PubMed ID,Judge attribution,Assessment,Reason / example,Question,Reference answer,Generated answer,Judge notes,Retrieved context
11867487,retrieval_failure,,,Does rugby headgear prevent concussion?,"Although most players in the study believe that rugby headgear may prevent concussion, only a minority reported wearing it. Coaches tended to be less convinced than the players that rugby headgear can prevent concussion.","The provided biomedical context does not contain sufficient evidence to determine whether rugby headgear prevents concussion. While Source 1 notes that 62% of players believed headgear could prevent concussions, this reflects subjective attitudes rather than empirical evidence of efficacy. The study did not assess concussion incidence rates or biomechanical outcomes with or without headgear. Other sources discuss concussion management and biofeedback training but do not address headgear's role in prevention. Thus, the context does not support a definitive answer to the question.","The generated answer correctly identifies that the retrieved context only contains subjective attitudes (62% of players believing headgear prevents concussion) and no empirical evidence of efficacy. The context lacks data on concussion incidence rates or biomechanical outcomes, aligning with the 'maybe' reference decision. The answer appropriately abstains from definitive claims due to insufficient evidence.","Rank 1 | PubMed ID 11867487 | chunk 0
To examine the attitudes of players and coaches to the use of protective headgear, particularly with respect to the prevention of concussion. A questionnaire designed to assess attitudes to headgear was administered to 63 players from four different Canadian teams, each representing a different level of play (high school, university, community club, national). In addition, coaches from all four levels were questioned about team policies and their personal opinions about the use of headgear to prevent concussion. Although the players tended to believe that the headgear could prevent concussion (62%), the coaches were less convinced (33%). Despite the players' belief that headgear offers protection against concussion, only a minority reported wearing headgear (27%) and few (24%) felt that its use should be made mandatory. Common reasons for not wearing headgear were ""its use is not mandatory"", ""it is uncomfortable"", and ""it costs too much"".

Rank 2 | PubMed ID 24977765 | chunk 0
Concussions are commonly diagnosed in pediatric patients presenting to the emergency department (ED). The primary objective of this study was to evaluate compliance with ED discharge instructions for concussion management. A prospective cohort study was conducted from November 2011 to November 2012 in a pediatric ED at a regional Level 1 trauma center, serving 35,000 pediatric patients per year. Subjects were aged 8 years to 17 years and were discharged from the ED with a diagnosis of concussion. Exclusion criteria included recent (past 3 months) diagnosis of head injury, hospital admission, intracranial injury, skull fracture, suspected nonaccidental trauma, or preexisting neurologic condition. Subjects were administered a baseline survey in the ED and were given standardized discharge instructions for concussion by the treating physician. Telephone follow-up surveys were conducted at 2 weeks and 4 weeks after ED visit.

Rank 3 | PubMed ID 24977765 | chunk 1
A prospective cohort study was conducted from November 2011 to November 2012 in a pediatric ED at a regional Level 1 trauma center, serving 35,000 pediatric patients per year. Subjects were aged 8 years to 17 years and were discharged from the ED with a diagnosis of concussion. Exclusion criteria included recent (past 3 months) diagnosis of head injury, hospital admission, intracranial injury, skull fracture, suspected nonaccidental trauma, or preexisting neurologic condition. Subjects were administered a baseline survey in the ED and were given standardized discharge instructions for concussion by the treating physician. Telephone follow-up surveys were conducted at 2 weeks and 4 weeks after ED visit. A total of 150 patients were enrolled. The majority (67%) of concussions were sports related. Among sports-related concussions, soccer (30%), football (11%), lacrosse (8%), and basketball (8%) injuries were most common. More than one third (39%) reported return to play (RTP) on the day of the injury. Physician follow-up was equivalent for sport and nonsport concussions (2 weeks, 58%; 4 weeks, 64%). Sports-related concussion patients were more likely to follow up with a trainer (2 weeks, 25% vs. 10%, p = 0.06; 4 weeks, 29% vs. 8%, p<0.01). Of the patients who did RTP or normal activities at 2 weeks (44%), more than one third (35%) were symptomatic, and most (58%) did not receive medical clearance. Of the patients who had returned to activities at 4 weeks (64%), less than one quarter (23%) were symptomatic, and most (54%) received medical clearance.

Rank 4 | PubMed ID 26200172 | chunk 0
In recent years, biofeedback has become increasingly popular for its proven success in peak performance training - the psychophysiological preparation of athletes for high-stakes sport competitions, such as the Olympic games. The aim of this research was to test whether an 8-week period of exposure to biofeedback training could improve the psychophysiological control over competitive anxiety and enhance athletic performance in participating subjects.

Rank 5 | PubMed ID 26200172 | chunk 1
In recent years, biofeedback has become increasingly popular for its proven success in peak performance training - the psychophysiological preparation of athletes for high-stakes sport competitions, such as the Olympic games. The aim of this research was to test whether an 8-week period of exposure to biofeedback training could improve the psychophysiological control over competitive anxiety and enhance athletic performance in participating subjects. Participants of this study were highly competent athletes, each training in different sport disciplines. The experimental group consisted of 18 athletes (4 women, 14 men), whereas the Control group had 21 athletes (4 women, 17 men). All athletes were between 16 and 34 years old. The biofeedback device, Nexus 10, was used to detect and measure the psychophysiological responses of athletes. Athletes from both groups (control and experimental) were subjected to stress tests at the beginning of the study and once again at its conclusion. In between, the experimental group received training in biofeedback techniques. We then calculated the overall percentage of athletes in the experimental group compared with those in the control group who were able to control respiration, skin conductance, heart rate, blood flow amplitude, heart rate variability, and heart respiration coherence. One year following completion of the initial study, we questioned athletes from the experimental group, to determine whether they continued to use these skills and if they could detect any subsequent enhancement in their athletic performance."
12407608,generation_failure,,,Does ultrasound imaging before puncture facilitate internal jugular vein cannulation?,"Prepuncture ultrasound evaluation did not improve the result of right internal jugular vein cannulation compared with the respiratory jugular venodilation-guided approach. When the landmark was not observed, however, the prepuncture ultrasound guidance was helpful in facilitating the cannulation.","Yes, ultrasound imaging before puncture facilitates internal jugular vein cannulation, particularly in cases where respiratory jugular venodilation is not identifiable. In a randomized study (PubMed ID: 12407608), the ultrasound group demonstrated significantly better success rates (86.2% vs. 30.4% for landmark-guided cannulation) and lower arterial puncture incidence (0% vs. 13.0%) in patients where venodilation could not be visualized. While success rates were comparable in patients with identifiable venodilation, ultrasound provided clear advantages in challenging cases. The study also found no difference in outcomes based on ultrasound frequency.","The generated answer incorrectly generalizes the study's findings, claiming ultrasound is universally beneficial. The context shows ultrasound only provides advantages when respiratory venodilation is not identifiable, aligning with the reference answer's 'maybe' conclusion. The answer misrepresents the study's results by emphasizing overall superiority rather than conditional benefits.","Rank 1 | PubMed ID 12407608 | chunk 1
The right internal jugular vein was cannulated using either anatomic landmarks or prepuncture ultrasound (3.75/7.5 MHz) guidance. In the landmark group, respiratory jugular venodilation was used as the primary landmark for locating the vein. Results of cannulation and the incidence of complications were compared. Patients were randomly assigned to the ultrasound or landmark group. Respiratory jugular venodilation was identified in 188 patients (78.3%), in whom results of cannulation did not differ between the 2 techniques with respect to the venous access rate (cannulated at the first attempt: 83.5% in the landmark v 85.7% in the ultrasound group), the success rate (cannulated within 3 attempts: 96.9% v 95.6%), and the incidence of arterial puncture (1.0% v 3.3%). In the remaining 52 respiratory jugular venodilation-unidentified patients, the access rate (30.4% v 86.2%, p<0.001) and the success rate (78.3 v 100%, p<0.05) were significantly better in the ultrasound group, and no arterial puncture was recorded in the ultrasound group, whereas the incidence was 13.0% in the landmark group. The results were similar regardless of the ultrasound frequency used.

Rank 2 | PubMed ID 12407608 | chunk 0
To investigate whether prepuncture ultrasound evaluation of vascular anatomy facilitates internal jugular vein cannulation compared with landmark-guided puncture. Prospective randomized study. Single community hospital. Adult patients undergoing general anesthesia (n = 240). The right internal jugular vein was cannulated using either anatomic landmarks or prepuncture ultrasound (3.75/7.5 MHz) guidance. In the landmark group, respiratory jugular venodilation was used as the primary landmark for locating the vein. Results of cannulation and the incidence of complications were compared.

Rank 3 | PubMed ID 19852337 | chunk 0
Peripheral venous thrombophlebitis (PVT) is a common complication of intravenous cannulation, occurring in about 30% of patients. We evaluated the effect of elective re-siting of intravenous cannulae every 48 hours on the incidence and severity of PVT in patients receiving intravenous fluids/drugs. We randomized 42 patients who were admitted for major abdominal surgery to either the control or study group (n = 21 in either group). Informed consent was obtained from all of them. Cannulae in the control group were removed only if the site became painful, the cannula got dislodged or there were signs and symptoms suggestive of PVT, namely pain, erythema, swelling, excessive warmth or a palpable venous cord. Cannulae in the study group were changed and re-sited electively every 48 hours. All the patients were examined every 24 hours for signs and symptoms of PVT at the current and previous sites of infusion.

Rank 4 | PubMed ID 19852337 | chunk 1
We randomized 42 patients who were admitted for major abdominal surgery to either the control or study group (n = 21 in either group). Informed consent was obtained from all of them. Cannulae in the control group were removed only if the site became painful, the cannula got dislodged or there were signs and symptoms suggestive of PVT, namely pain, erythema, swelling, excessive warmth or a palpable venous cord. Cannulae in the study group were changed and re-sited electively every 48 hours. All the patients were examined every 24 hours for signs and symptoms of PVT at the current and previous sites of infusion. The incidence of PVT was 100% (21/21) in the control group and only 9.5% (2/21) in the study group (p<0.0001). The severity of PVT was also less in the study group compared with that in the control group. Day-wise correlation of the incidence of PVT showed that 82.6% of the episodes of PVT occurred on day 3.

Rank 5 | PubMed ID 22365295 | chunk 0
To determine the rate of early infection for totally implantable venous access devices (TIVADs) placed without antibiotic prophylaxis. A list of patients who underwent TIVAD placement in 2009 was obtained from the patient archiving and communication system (PACS). This list was cross-referenced to all patients who underwent TIVAD removal from January 1, 2009, through January 30, 2010, to identify TIVADs that were removed within 30 days of placement. Retrospective chart review was performed to record patient demographics, including age, sex, cancer diagnosis, and indication for removal. Concurrent antibiotic therapy, chemotherapy, and laboratory data before and within 30 days of placement were recorded. Central line-associated bloodstream infections (CLABSIs) were identified using U.S. Centers for Disease Control and Prevention (CDC) criteria."
12846929,generation_failure,,,Quality of life in lung cancer patients: does socioeconomic status matter?,"At baseline assessment patients of lower socioeconomic status showed lower health related quality of life. Since there was no clear trend at follow-up assessment this suggests that patients from different socioeconomic status responded to treatment similarly. In general, the findings suggest that quality of life is not only the outcome of the disease and its treatment, but is also highly dependent on each patients' socioeconomic characteristics.","Socioeconomic status (SES) appears to influence quality of life (QoL) in lung cancer patients at baseline but not at follow-up. A study (PubMed ID: 12846929) found that 57% of patients with lower SES had more health problems, reduced functioning, and higher symptom burden (e.g., physical mobility, energy, role functioning, physical functioning, and breathlessness) compared to affluent patients. However, these differences disappeared by three-month follow-up, with no significant group disparities. SES was not identified as an independent prognostic factor for survival in another study (PubMed ID: 16968876). Thus, while SES initially impacts QoL, its effect may diminish over time.",The generated answer correctly notes baseline SES impact but incorrectly cites a study that does not address SES as a prognostic factor. The reference answer's claim about SES not being a prognostic factor is not supported by the retrieved context for PubMed ID 16968876.,"Rank 1 | PubMed ID 12846929 | chunk 0
As part of a prospective study on quality of life in newly diagnosed lung cancer patients an investigation was carried out to examine whether there were differences among patients' quality of life scores and their socioeconomic status. Quality of life was measured at two points in time (baseline and three months after initial treatment) using three standard instruments; the Nottingham Health Profile (NHP), the European Organization for Research and Cancer Treatment Quality of Life Questionnaire (EORTC QLQ-C30) and its lung cancer supplement (QLQ-LC13). Socioeconomic status for each individual patient was derived using Carstairs and Morris Deprivation Category ranging from 1 (least deprived) to 7 (most deprived) on the basis of the postcode sector of their address.

Rank 2 | PubMed ID 12846929 | chunk 1
Quality of life was measured at two points in time (baseline and three months after initial treatment) using three standard instruments; the Nottingham Health Profile (NHP), the European Organization for Research and Cancer Treatment Quality of Life Questionnaire (EORTC QLQ-C30) and its lung cancer supplement (QLQ-LC13). Socioeconomic status for each individual patient was derived using Carstairs and Morris Deprivation Category ranging from 1 (least deprived) to 7 (most deprived) on the basis of the postcode sector of their address. In all, 129 lung cancer patients entered into the study. Of these data for 82 patients were complete (at baseline and follow-up). 57% of patients were of lower socioeconomic status and they had more health problems, less functioning, and more symptoms as compared to affluent patients. Of these, physical mobility (P = 0.05), energy (P = 0.01), role functioning (P = 0.04), physical functioning (P = 0.03), and breathlessness (P = 0.02) were significant at baseline. However, at follow-up assessment there was no significant difference between patient groups nor did any consistent pattern emerge.

Rank 3 | PubMed ID 16968876 | chunk 0
The aim of this prognostic factor analysis was to investigate if a patient's self-reported health-related quality of life (HRQOL) provided independent prognostic information for survival in non-small cell lung cancer (NSCLC) patients. Pretreatment HRQOL was measured in 391 advanced NSCLC patients using the EORTC QLQ-C30 and the EORTC Lung Cancer module (QLQ-LC13). The Cox proportional hazards regression model was used for both univariate and multivariate analyses of survival. In addition, a bootstrap validation technique was used to assess the stability of the outcomes.

Rank 4 | PubMed ID 16968876 | chunk 1
Pretreatment HRQOL was measured in 391 advanced NSCLC patients using the EORTC QLQ-C30 and the EORTC Lung Cancer module (QLQ-LC13). The Cox proportional hazards regression model was used for both univariate and multivariate analyses of survival. In addition, a bootstrap validation technique was used to assess the stability of the outcomes. The final multivariate Cox regression model retained four parameters as independent prognostic factors for survival: male gender with a hazard ratio (HR) = 1.32 (95% CI 1.03-1.69; P = 0.03); performance status (0 to 1 versus 2) with HR = 1.63 (95% CI 1.04-2.54; P = 0.032); patient's self-reported score of pain with HR= 1.11 (95% CI 1.07-1.16; P<0.001) and dysphagia with HR = 1.12 (95% CI 1.04-1.21; P = 0.003). A 10-point shift worse in the scale measuring pain and dysphagia translated into an 11% and 12% increased in the likelihood of death respectively. A risk group categorization was also developed.

Rank 5 | PubMed ID 16827975 | chunk 1
Few studies have assessed whether the advantage chemotherapy has been shown to have in treating advanced non-small lung carcinoma in clinical trials is transferrable to normal health care activity. This could explain the skepticism of a large number of pneumologists towards this treatment. The objective of our study was to analyze prognostic factors related to survival and to see whether cytostatic treatment was an independent predictor. Patients enrolled in the study had been diagnosed with non-small cell carcinoma in stages IV or IIIB with pleural or N2-N3 involvement and with a performance status of 2 or below according to the Eastern Cooperative Oncology Group (ECOG). Survival was analyzed with regard to the following variables: age, sex, comorbidity, weight loss, laboratory test results, histological type, ECOG score, TNM staging, and treatment. The Student t test, the chi(2) test, the Kaplan-Meier method, the log-rank test, and Cox regression analysis were used in the statistical analysis."
16776337,generation_failure,,,Pituitary apoplexy: do histological features influence the clinical presentation and outcome?,"The patients who presented with histological features of pituitary tumor infarction alone had less severe clinical features on presentation, a longer course prior to presentation, and a better outcome than those presenting with hemorrhagic infarction or frank hemorrhage. The endocrine replacement requirements were similar in both groups.","The provided context indicates that a retrospective study (PubMed ID: 16776337) investigated whether histopathological features (infarction alone vs. hemorrhagic infarction/hemorrhage) influenced clinical presentation or outcomes in pituitary apoplexy. However, the context does not specify the results of this analysis. Other sources discuss Cushing's disease or unrelated conditions (e.g., cerebellar astrocytoma) and do not address pituitary apoplexy. Thus, based solely on the retrieved evidence, there is insufficient information to determine whether histological features influence clinical presentation or outcomes in pituitary apoplexy. 

**Answer:** The context describes a study aimed at determining whether histopathological features influence clinical presentation or outcomes in pituitary apoplexy, but it does not provide the results of this analysis. Therefore, the evidence does not confirm or refute a relationship between histological features and clinical outcomes.","The generated answer incorrectly claims the context lacks results from PubMed ID 16776337, but the retrieved context explicitly describes a study comparing clinical features and outcomes between infarction-alone and hemorrhagic groups. The reference answer's key findings (milder presentation, better outcomes for infarction-alone) are directly supported by the context, yet the generated answer fails to incorporate this evidence.","Rank 1 | PubMed ID 16776337 | chunk 0
A retrospective analysis of a contemporary series of patients with pituitary apoplexy was performed to ascertain whether the histopathological features influence the clinical presentation or the outcome. A retrospective analysis was performed in 59 patients treated for pituitary apoplexy at the University of Virginia Health System, Charlottesville, Virginia, or Groote Schuur Hospital, University of Cape Town, South Africa. The patients were divided into two groups according to the histological features of their disease: one group with infarction alone, comprising 22 patients; and the other with hemorrhagic infarction and/or frank hemorrhage, comprising 37 patients. The presenting symptoms, clinical features, endocrinological status, and outcome were compared between the two groups.

Rank 2 | PubMed ID 11380492 | chunk 1
Retrospective analysis of outcome measures. Patients were divided into three groups (remission, failure and relapse) depending on the late outcome of their treatment as determined at the time of analysis, i.e. 88 months (median) years after surgery. Remission is defined as biochemical reversal of hypercortisolism with re-emergence of diurnal circadian rhythm, resolution of clinical features and adequate suppression on low-dose dexamethasone testing. Failure is defined as the absence of any of these features. Relapse is defined as the re-emergence of Cushing's disease more than one year after operation. Clinical features such as weight, sex, hypertension, associated endocrine disorders and smoking, biochemical studies including preoperative and postoperative serum cortisol, urine free cortisol, serum ACTH, radiological, histological and surgical findings were assessed in relation to these three groups to determine whether any factors could reliably predict failure or relapse after treatment.

Rank 3 | PubMed ID 11380492 | chunk 2
Patients were divided into three groups (remission, failure and relapse) depending on the late outcome of their treatment as determined at the time of analysis, i.e. 88 months (median) years after surgery. Remission is defined as biochemical reversal of hypercortisolism with re-emergence of diurnal circadian rhythm, resolution of clinical features and adequate suppression on low-dose dexamethasone testing. Failure is defined as the absence of any of these features. Relapse is defined as the re-emergence of Cushing's disease more than one year after operation. Clinical features such as weight, sex, hypertension, associated endocrine disorders and smoking, biochemical studies including preoperative and postoperative serum cortisol, urine free cortisol, serum ACTH, radiological, histological and surgical findings were assessed in relation to these three groups to determine whether any factors could reliably predict failure or relapse after treatment. Of the 61 patients included in this study, 48 (78.7%) achieved initial remission and 13 (21.3%) failed treatment. Seven patients suffered subsequent relapse (range 22-158 months) in their condition after apparent remission, leaving a final group of 41 patients (67.2%) in the remission group. Tumour was identified at surgery in 52 patients, of whom 38 achieved remission. In comparison, only 3 of 9 patients in whom no tumour was identified achieved remission. This difference was significant (P = 0.048). When both radiological and histological findings were positive, the likelihood of achieving remission was significantly higher than if both modalities were negative (P = 0.038). There were significant differences between remission and failure groups when 2- and 6-week postoperative serum cortisol levels (P = 0.002 and 0.001, respectively) and 6-week postoperative urine free cortisol levels (P = 0.026) were compared. This allowed identification of patients who failed surgical treatment in the early postoperative period. Complications of surgery included transitory DI in 13, transitory CSF leak in 8 and transitory nasal discharge and cacosmia in 3. Twelve of 41 patients required some form of hormonal replacement therapy despite achieving long-term remission. Thirteen patients underwent a second operation, of whom 5 achieved remission.

Rank 4 | PubMed ID 11380492 | chunk 0
To assess the results of transsphenoidal pituitary surgery in patients with Cushing's disease over a period of 18 years, and to determine if there are factors which will predict the outcome. Sixty-nine sequential patients treated surgically by a single surgeon in Newcastle upon Tyne between 1980 and 1997 were identified and data from 61 of these have been analysed. Retrospective analysis of outcome measures.

Rank 5 | PubMed ID 14631523 | chunk 0
The objectives were to identify prognostic factors for the survival of children with cerebellar astrocytoma, and to evaluate the reproducibility and prognostic value of histological sub-classification and grading. Children aged 0-14 years treated in Denmark for a cerebellar astrocytoma in the period 1960-1984 were included and followed until January 2001 or until their death. The histological specimens from each patient were reviewed for revised grading and classification according to three different classification schemes: the WHO, the Kernohan and the Daumas-Duport grading systems."
16778275,generation_failure,,,Is routine chest radiography after transbronchial biopsy necessary?,"We conclude that routine CXR after bronchoscopy with TBB is necessary only in patients with symptoms suggestive of pneumothorax. In asymptomatic patients, pneumothorax is rare and usually small, so routine CXR is not necessary in this category of patients.","It seems your message is incomplete or contains a repetitive structure. Could you clarify what you're asking or what you need help with? For example:

- Are you looking for help with a specific question or problem?
- Are you trying to understand a concept or process?
- Do you need assistance with writing, coding, or analysis?

Let me know so I can provide a helpful and accurate response!","The generated answer fails to address the question directly and does not engage with the provided context, which contains evidence supporting the reference answer's conclusion that routine CXR is not necessary for asymptomatic patients.","Rank 1 | PubMed ID 16778275 | chunk 0
Pneumothorax following flexible bronchoscopy (FB) with transbronchial biopsy (TBB) occurs in 1 to 6% of cases. Routine chest radiography (CXR) following TBB is therefore requested by most pulmonologists in an attempt to detect complications, particularly pneumothorax. The objective of this study was to determine if routine CXR after bronchoscopy and TBB is necessary. The study group included 350 consecutive patients who underwent FB with TBB at our institution between December 2001 and January 2004. Routine CXR was performed up to 2 h after the procedure in all cases. Additionally, the following information was recorded in all patients: sex, age, immune status, indication for bronchoscopy, total number of biopsies done, segment sampled, pulse oxygen saturation, and development of symptoms suggestive of pneumothorax.

Rank 2 | PubMed ID 16778275 | chunk 1
The study group included 350 consecutive patients who underwent FB with TBB at our institution between December 2001 and January 2004. Routine CXR was performed up to 2 h after the procedure in all cases. Additionally, the following information was recorded in all patients: sex, age, immune status, indication for bronchoscopy, total number of biopsies done, segment sampled, pulse oxygen saturation, and development of symptoms suggestive of pneumothorax. Pneumothorax was diagnosed radiologically in 10 patients (2.9%). Seven patients had symptoms strongly suggestive of pneumothorax prior to CXR, including four patients with large (>10%) pneumothorax. The other three patients were asymptomatic, with only minimal pneumothorax (</= 10%), which resolved completely 24 to 48 h later.

Rank 3 | PubMed ID 16769333 | chunk 1
In the period ranging from 1997 to 2003, 62 patients with EA underwent preoperative TBS. The procedure was carried out with flexible bronchoscope maintaining spontaneous breathing. When a wide carinal fistula was found, this was mechanically occluded by Fogarty catheter and cannulated with rigid bronchoscopy. Type of EA, surgical procedure variations caused by TBS, and associated anomalies not easily detectable were recorded. Before TBS, the Gross classification of the 62 patients was as follows: type A, 9 patients; type B, none; type C, 51 patients. At TBS, however, 3 of 9 type A patients had an unsuspected proximal fistula (type B). These 3 patients, plus the 2 with H-type fistula, were repaired through a cervical approach. In 4 patients, previously undetected malformations of the respiratory tree (2 aberrant right upper bronchus and 2 hypoplastic bronchi) were found at TBS. Carinal fistulas in 14 type C patients were occluded by Fogarty catheter to improve ventilation during repair. No complications were observed. Overall, TBS was clinically useful in 28 (45.2%) of 62 patients, including 15 (24.2%) of 62 infants in whom it was crucial in modifying the surgical approach.

Rank 4 | PubMed ID 16827975 | chunk 0
Few studies have assessed whether the advantage chemotherapy has been shown to have in treating advanced non-small lung carcinoma in clinical trials is transferrable to normal health care activity. This could explain the skepticism of a large number of pneumologists towards this treatment. The objective of our study was to analyze prognostic factors related to survival and to see whether cytostatic treatment was an independent predictor.

Rank 5 | PubMed ID 20363841 | chunk 0
The US Preventive Services Task Force recommends against spirometry in the absence of symptoms. However, as much as 50% of COPD cases in the United States remain undiagnosed. Report of symptoms, smoking history, and spirometric data were collected from subjects screened for a work-related medical evaluation (N = 3,955). Prevalence of airflow obstruction and respiratory symptoms were assessed. Sensitivity, specificity, positive and negative predictive values, and relative risks of predicting symptoms and smoking history for COPD were calculated."
17444776,retrieval_failure,,,Is the holmium:YAG laser the best intracorporeal lithotripter for the ureter?,"The Holmium:YAG laser is an ideal intracorporeal lithotripter for ureteral calculi, with a high success rate and low morbidity.","The provided context indicates that the holmium:YAG laser lithotripsy achieved a high success rate (92.7% immediately, 96.7% at 3 months) with minimal complications (no perforations, one stricture) for ureteral stones. However, **no direct comparison to other intracorporeal lithotripters** (e.g., other laser types or mechanical methods) is provided in the context. Thus, while the holmium:YAG laser demonstrates efficacy and safety, the evidence does not establish it as the ""best"" option without additional comparative data. 

**Answer:** The holmium:YAG laser shows high efficacy and safety for ureteral lithotripsy based on the provided study (PMID: 17444776), but the context does not include comparisons to other lithotripters to determine if it is the ""best.""","The generated answer correctly cites the context's evidence (92.7% success rate, minimal complications) but notes the absence of direct comparisons to other lithotripters. While the reference answer asserts 'yes,' the context only supports efficacy/safety, not superiority over alternatives. The answer appropriately avoids unsupported claims about being the 'best' without comparative data.","Rank 1 | PubMed ID 17444776 | chunk 0
To study the efficiency and safety of holmium:YAG laser lithotripsy for ureteral stones. A series of 188 patients with 208 ureteral stones were treated with semirigid ureteroscopy and holmium:YAG laser lithotripsy from January 2003 to December 2005. Of the stones, 116 were lower ureteral, 37 middle ureteral, and 55 upper ureteral. The success rate was 92.7% at the time of ureteroscopy and 96.7% at 3 months. The failures were secondary to retropulsion of the stones (3.3%). There were no perforations and one stricture. Stenting was done in 90% of patients.

Rank 2 | PubMed ID 19925761 | chunk 1
To assess the feasibility and safety of diagnostic or therapeutic semirigid ureteroscopy without ureteral meatus dilatation. A comparative, retrospective study was conducted of patients undergoing ureteroscopy from January 2000 to May 2008. For data analysis purposes, the population was divided into two groups based on whether ureteroscopy had been performed with (Group 1) or without (Group 2) ureteral meatus dilatation. Variables recorded included age, sex, type of procedure, surgical diagnosis, passive or active dilatation, number of stones, stone location, stone diameter, peroperative and postoperative complications, internal urinary diversion after the procedure, therapeutic success rate, operating time, and hospital stay duration. A 8-9.8 Fr Wolf semirigid ureteroscope was used. Descriptive statistics of the population and cohorts were performed, providing medians, quartiles, and limit values for non-normally distributed interval variables, and absolute and relative frequencies for categorical variables. Shapiro-Wilk's, Mann-Whitney's U, Chi-square, and Fisher's exact tests were used for statistical analysis. A value of p 2 alpha<or = 0.005 was considered statistically significant. Arcus Quickstat Biomedical 1.0 software was used.

Rank 3 | PubMed ID 19925761 | chunk 0
To assess the feasibility and safety of diagnostic or therapeutic semirigid ureteroscopy without ureteral meatus dilatation.

Rank 4 | PubMed ID 19925761 | chunk 2
A comparative, retrospective study was conducted of patients undergoing ureteroscopy from January 2000 to May 2008. For data analysis purposes, the population was divided into two groups based on whether ureteroscopy had been performed with (Group 1) or without (Group 2) ureteral meatus dilatation. Variables recorded included age, sex, type of procedure, surgical diagnosis, passive or active dilatation, number of stones, stone location, stone diameter, peroperative and postoperative complications, internal urinary diversion after the procedure, therapeutic success rate, operating time, and hospital stay duration. A 8-9.8 Fr Wolf semirigid ureteroscope was used. Descriptive statistics of the population and cohorts were performed, providing medians, quartiles, and limit values for non-normally distributed interval variables, and absolute and relative frequencies for categorical variables. Shapiro-Wilk's, Mann-Whitney's U, Chi-square, and Fisher's exact tests were used for statistical analysis. A value of p 2 alpha<or = 0.005 was considered statistically significant. Arcus Quickstat Biomedical 1.0 software was used. Among the 306 ureteroscopies studied, 286 performed in 256 patients were analyzed. Median age was 50 years (16-83), 59% of patients were male, and elective ureteroscopy was performed in 183 patients (64%). Group 1: 191 ureteroscopies, Group 2: 95 ureteroscopies. Stone location: 149 in distal ureter, 60 in middle ureter, and 35 in proximal ureter. Sixty-nine percent of stones had sizes ranging from 5 and 10 mm. The overall success rate was 86.5%. There were 5 peroperative and 22 postoperative complications, with no statistically significant differences between the groups.

Rank 5 | PubMed ID 19409117 | chunk 1
We analyzed retrospectively 78 patients with single radiopaque lower calyceal stones treated with SWL. The patients were evaluated 3 months after lithotripsy with a simple abdominal X-ray and a kidney ultrasound scan. The success of the treatment, removal of all fragments, was correlated with renal anatomical factors measured in the pre-treatment intravenous urography: infundibulopelvic angle, lower infundibulum width, lower infundibulum length, ratio length/width, infundibulum height, and number of minor calyces in the lower calyceal group. Three months after SWL treatment, 39 patients were stone-free (NR group) and 39 had residual fragments (R group). Both groups presented no differences in relation to infundibulopelvic angle, width and length of the lower calyceal infundibulum, length/width ratio of the lower infundibulum or number of lower calyces. Height of the infundibulum, described as the distance between the line passing through the lowest part of the calyx containing the calculus and the highest point of the lower lip of renal pelvis, was the only parameter in which significant differences (p = 0.002) were found between the NR and R groups."
17919952,generation_failure,,,Are reports of mechanical dysfunction in chronic oro-facial pain related to somatisation?,"Self-reported mechanical factors associated with chronic oro-facial pain are confounded, in part, by psychological factors and are equally common across other frequently unexplained syndromes. They may represent another feature of somatisation. Therefore the use of extensive invasive therapy such as occlusal adjustments and surgery to change mechanical factors may not be justified in many cases.","The reports of mechanical dysfunction (e.g., teeth grinding, facial trauma) in chronic oro-facial pain are **not directly related to somatisation**, as these factors were independently associated with the condition after adjusting for psychological factors (OR 2.0, 95% CI 1.3–3.0 for teeth grinding; OR 2.0, 95% CI 1.3–2.9 for facial trauma) [PubMed ID: 17919952]. However, these mechanical factors were also linked to the reporting of other unexplained syndromes, suggesting a potential broader pattern of somatic symptom reporting. This may reflect shared underlying mechanisms (e.g., heightened somatic awareness) rather than direct somatisation of mechanical dysfunction itself. Thus, while somatisation may contribute to overall somatic symptom reporting, the mechanical factors in oro-facial pain appear to have independent associations.","The generated answer contradicts the reference answer by asserting mechanical factors are not directly related to somatisation, while the context shows they are independently associated with oro-facial pain and linked to other unexplained syndromes (as per PubMed ID 17919952). The reference answer explicitly links these factors to somatisation, which the generated answer fails to substantiate.","Rank 1 | PubMed ID 17919952 | chunk 1
A population based cross-sectional study of 4200 randomly selected adults registered with a General Medical Practice in North West, England. The study examined the association of chronic oro-facial pain with a variety of self-reported mechanical factors: teeth grinding, facial trauma, missing teeth and the feeling that the teeth did not fit together properly. Information was also collected on demographic factors, psychological factors and the reporting of other frequently unexplained syndromes. An adjusted response rate of 72% was achieved. Only two mechanical factors: teeth grinding (odds ratio (OR) 2.0, 95% CI 1.3-3.0) and facial trauma (OR 2.0; 95% CI 1.3-2.9) were independently associated with chronic oro-facial pain after adjusting for psychological factors. However, these factors were also commonly associated with the reporting of other frequently unexplained syndromes: teeth grinding (odds ratio (OR) 1.8, 95% CI 1.5-2.2), facial trauma (OR 2.1; 95% CI 1.7-2.6).

Rank 2 | PubMed ID 17919952 | chunk 0
(i) To examine the association between self-reported mechanical factors and chronic oro-facial pain. (ii) To test the hypothesis that this relationship could be explained by: (a) reporting of psychological factors, (b) common association of self-reported mechanical factors with other unexplained syndromes. A population based cross-sectional study of 4200 randomly selected adults registered with a General Medical Practice in North West, England. The study examined the association of chronic oro-facial pain with a variety of self-reported mechanical factors: teeth grinding, facial trauma, missing teeth and the feeling that the teeth did not fit together properly. Information was also collected on demographic factors, psychological factors and the reporting of other frequently unexplained syndromes.

Rank 3 | PubMed ID 15588538 | chunk 1
One hundred and eighty-two patients diagnosed between 1998 and 2002 as having chronic functional somatic symptoms and 182 controls matched by age, sex, socioeconomic status, and practice were included. Data on comorbidity, referrals, diagnostic tests, and hospital admissions over a period of 10 years prior to the diagnosis were collected. Medication use and number of visits to the general practitioner (GP) were extracted from the moment computerised registration was started. In the 10 years before the diagnosis of chronic functional somatic symptoms, significantly more patients than controls presented functional somatic symptoms in at least two body systems, and used more somatic and psychotropic drugs. They visited the GP twice as much, statistically had significantly more psychiatric morbidity, and were referred more often to mental health workers and somatic specialists. The number of patients undergoing diagnostic tests was higher for patients with chronic functional somatic symptoms than for controls, but hospital admissions rates were equal.

Rank 4 | PubMed ID 15588538 | chunk 0
Reliable longitudinal data of patients with functional somatic symptoms in general practice are lacking. To identify distinctive features in patients with chronic functional somatic symptoms, and to determine whether these symptoms support the hypothesis of the existence of specific somatic syndromes. Observational study, with a comparison control group. Four primary care practices affiliated with the University of Nijmegen in the Netherlands. One hundred and eighty-two patients diagnosed between 1998 and 2002 as having chronic functional somatic symptoms and 182 controls matched by age, sex, socioeconomic status, and practice were included. Data on comorbidity, referrals, diagnostic tests, and hospital admissions over a period of 10 years prior to the diagnosis were collected. Medication use and number of visits to the general practitioner (GP) were extracted from the moment computerised registration was started.

Rank 5 | PubMed ID 11567820 | chunk 1
Eighty-seven patients with typical trigeminal neuralgia were randomized to undergo retrogasserian gamma knife radiosurgery (75 Gy maximal dose with 4-mm diameter collimators) using either one (n = 44) or two (n = 43) isocenters. The median follow-up was 26 months (range 1-36). Pain relief was complete in 57 patients (45 without medication and 12 with low-dose medication), partial in 15, and minimal in another 15 patients. The actuarial rate of obtaining complete pain relief (with or without medication) was 67.7% +/- 5.1%. The pain relief was identical for one- and two-isocenter radiosurgery. Pain relapsed in 30 of 72 responding patients. Facial numbness and mild and severe paresthesias developed in 8, 5, and 1 two-isocenter patients vs. 3, 4, and 0 one-isocenter patients, respectively (p = 0.23). Improved pain relief correlated with younger age (p = 0.025) and fewer prior procedures (p = 0.039) and complications (numbness or paresthesias) correlated with the nerve length irradiated (p = 0.018)."
19155657,generation_failure,,,Does accompanying metabolic syndrome contribute to heart dimensions in hypertensive patients?,"Left ventricular dimensions are not influenced by MetS. Rather than MetS, hypertension is primarily responsible for changes in left ventricular dimensions. However, left atrial enlargement is more prominent in patients with MetS, suggesting that each MetS criterion contributes to left ventricular diastolic dysfunction.","Yes, metabolic syndrome (MetS) contributes to specific heart dimensions in hypertensive patients. In the study, hypertensive patients with MetS exhibited a significantly greater left atrial diameter compared to those without MetS (p=0.019). Additionally, left atrial diameter correlated with the number of MetS criteria (r=0.51; p<0.001). While other heart dimensions (e.g., interventricular septal thickness, left ventricular mass) were increased in both MetS and non-MetS groups compared to controls, the only significant difference between MetS and non-MetS patients was the left atrial diameter. Thus, MetS specifically associates with increased left atrial dimensions in hypertensive patients. [PubMed ID: 19155657]","The generated answer correctly identifies left atrial diameter as influenced by MetS, supported by the context. However, it conflicts with the reference answer's 'maybe' by asserting a definitive 'yes' without acknowledging the reference's nuance about left ventricular dimensions. The context supports specific findings but does not resolve the broader uncertainty implied by the reference answer.","Rank 1 | PubMed ID 19155657 | chunk 0
Metabolic syndrome (MetS) is associated with increased risk for cardiovascular events. We evaluated heart dimensions in hypertensive patients with MetS. The study included 75 hypertensive patients (34 males, 41 females; mean age 51+/-9 years) without coronary artery disease. Patients were evaluated in two groups depending on the presence or absence of MetS. Age- and gender-matched 20 healthy subjects (9 males, 11 females; mean age 50+/-5 years) comprised the control group. The diagnosis of MetS was based on the presence of at least three of five MetS criteria. Hypertension was defined as arterial blood pressure exceeding 140/85 mmHg on three consecutive measurements or the use of antihypertensive drugs. Echocardiographic measurements included interventricular septal thickness, left ventricular internal diameter, posterior wall thickness, aortic diameter, left atrial diameter, relative wall thickness, and left ventricular mass.

Rank 2 | PubMed ID 19155657 | chunk 1
The study included 75 hypertensive patients (34 males, 41 females; mean age 51+/-9 years) without coronary artery disease. Patients were evaluated in two groups depending on the presence or absence of MetS. Age- and gender-matched 20 healthy subjects (9 males, 11 females; mean age 50+/-5 years) comprised the control group. The diagnosis of MetS was based on the presence of at least three of five MetS criteria. Hypertension was defined as arterial blood pressure exceeding 140/85 mmHg on three consecutive measurements or the use of antihypertensive drugs. Echocardiographic measurements included interventricular septal thickness, left ventricular internal diameter, posterior wall thickness, aortic diameter, left atrial diameter, relative wall thickness, and left ventricular mass. Metabolic syndrome was present in 32 hypertensive patients (42.7%; 18 males, 14 females). The mean number of MetS criteria was 2.6+/-1.0 in the hypertensive group. Compared to the control group, patients with or without MetS exhibited significantly increased interventricular septum and posterior wall thickness, left atrial diameter, relative wall thickness, and left ventricular mass (p<0.05). The only significant difference between the two patient groups was that MetS was associated with a greater left atrial diameter (p=0.019). Left atrial diameter was correlated with the number of MetS criteria (r=0.51; p<0.001).

Rank 3 | PubMed ID 22428608 | chunk 1
We enrolled 100 hypertensive patients (study group) and 30 normotensive subjects (control group). Echocardiography was performed to measure left ventricular mass and left ventricular mass index. Electrocardiogram was performed to measure QTcD. LVH was present in 42 patients (42%) of the study group, none among controls. Hypertensive patients had significantly greater indices of LVH and QTcD compared with controls (p<0.001 for all). Similarly, among hypertensive patients, those with LVH had a significantly greater QTcD compared with those without (p<0.001). Pearson's correlation coefficient test demonstrated strongly positive correlations between QTcD and the indices of LVH (p<0.001 for all). Analysis of the receiver operating characteristic curves identified 60 ms as the optimal cut-off value of QTcD that best predicts LVH in hypertensives. Using this value, QTcD was able to predict LVH with a sensitivity of 92.9% and specificity 98.2%.

Rank 4 | PubMed ID 22428608 | chunk 0
We explored whether QT corrected dispersion (QTcD) can identify left ventricular hypertrophy (LVH) in hypertensives. We enrolled 100 hypertensive patients (study group) and 30 normotensive subjects (control group). Echocardiography was performed to measure left ventricular mass and left ventricular mass index. Electrocardiogram was performed to measure QTcD.

Rank 5 | PubMed ID 15223725 | chunk 0
To determine whether there are differences between blood pressure (BP) measured by the nurse (NBP), BP measured by the physician (PBP) and self-measured BP in treated hypertensive patients and, if found, to evaluate their clinical importance. An observational study is carried out with hypertensive patients recruited from two village-based community health centres in Catalonia (Spain) serving an area with a total population of 2800 inhabitants. All patients treated for hypertension visiting the health centre on a specific day of the week and during the same timetable between October 2000 and May 2001 were included."
23690198,generation_failure,,,Implementation of epidural analgesia for labor: is the standard of effective analgesia reachable in all women?,"Present audit shows that the process of implementation of labor analgesia was quick, successful and safe, notwithstanding the identification of one cluster of women with suboptimal response to epidural analgesia that need to be further studies, overall pregnant womens'adhesion to labor analgesia was satisfactory.","The implementation of epidural analgesia for labor is not universally reachable for all women, as evidenced by the audit data. While the use of epidural analgesia increased from 15.5% to 51% during the study period (PubMed ID: 23690198), this indicates that it was not adopted by all patients. Social and cultural factors, along with limited information, may further hinder its diffusion (Source 1). Although effectiveness (as measured by significant VAS score reduction in Cluster 2) and satisfaction were reported, the standard of universal implementation and efficacy remains unmet for all women.","The generated answer incorrectly states that epidural analgesia is not universally reachable, conflicting with the reference answer's 'yes'. While the context shows 51% adoption rate and cluster analysis, the reference explicitly states overall satisfactory adherence. The generated answer misinterprets the cluster as universal failure rather than a need for further study, and introduces unsupported social/cultural factors not mentioned in the context.","Rank 1 | PubMed ID 23690198 | chunk 0
Social and cultural factors combined with little information may prevent the diffusion of epidural analgesia for pain relief during childbirth. The present study was launched contemporarily to the implementation of analgesia for labor in our Department in order to perform a 2 years audit on its use. The goal is to evaluate the epidural acceptance and penetration into hospital practice by women and care givers and safety and efficacy during childbirth. This audit cycle measured epidural analgesia performance against 4 standards: (1) Implementation of epidural analgesia for labor to all patients; (2) Acceptance and good satisfaction level reported by patients and caregivers. (3) Effectiveness of labor analgesia; (4) No maternal or fetal side effects.

Rank 2 | PubMed ID 23690198 | chunk 1
This audit cycle measured epidural analgesia performance against 4 standards: (1) Implementation of epidural analgesia for labor to all patients; (2) Acceptance and good satisfaction level reported by patients and caregivers. (3) Effectiveness of labor analgesia; (4) No maternal or fetal side effects. During the audit period epidural analgesia increased from 15.5% of all labors in the first trimester of the study to 51% in the last trimester (p<0.005). Satisfaction levels reported by patients and care givers were good. A hierarchical clustering analysis identified two clusters based on VAS (Visual Analogue Scale) time course: in 226 patients (cluster 1) VAS decreased from 8.5±1.4 before to 4.1±1.3 after epidural analgesia; in 1002 patients (cluster 2) VAS decreased from 8.12±1.7 before (NS vs cluster 1), to 0.76±0.79 after (p<0.001 vs before and vs cluster 2 after). No other differences between clusters were observed.

Rank 3 | PubMed ID 9483814 | chunk 0
Uterus-specific synthetic Prostaglandin analogues (gemeprost, sulproston etc.) have been widely employed for termination of pregnancy in the second trimester. Since paracervical anaesthesia may be useful during this procedure, we investigated in this prospective randomised study its impact on the clinical course of abortion and pain especially in the late first and second stage of labour. 20 women scheduled for elective abortion (fetal reasons) between the 16th and 23rd week of gestation were to be given 1 mg gemeprost vaginally every 6 hours. They were allocated at random: 10 women received only Pethidin intravenously and Butylscopolamine rectally, another 10 women were additionally treated by paracervical anaesthesia (2 x 10 ml 0.5% Bupivacain solution) at a cervical dilatation of 2-3 cm.

Rank 4 | PubMed ID 9483814 | chunk 1
20 women scheduled for elective abortion (fetal reasons) between the 16th and 23rd week of gestation were to be given 1 mg gemeprost vaginally every 6 hours. They were allocated at random: 10 women received only Pethidin intravenously and Butylscopolamine rectally, another 10 women were additionally treated by paracervical anaesthesia (2 x 10 ml 0.5% Bupivacain solution) at a cervical dilatation of 2-3 cm. A median of 3 gemeprost applications were administered in both groups. In the group without paracervical anaesthesia the median induction to abortion interval was 20 hours (range: 8-44 hours), 13 hours (range: 8-36 hours, NS) resulting for the paracervical anaesthesia group. The intervals from the last application of prostaglandin until abortion and from 3 cm cervical dilatation to abortion were slightly, but not significantly shorter in the paracervical anaesthesia group. The requirement of Butylscopolamine was higher in the latter group (p<0.05). The requirement of Pethidin and the intensity of pain (measured by pain scale according to Huskisson) especially in the late first stage of labour were not statistically different between both groups. Side effects of paracervical anaesthesia did not occur.

Rank 5 | PubMed ID 9542484 | chunk 2
We ascertained whether the obstetric history, syphilis testing, blood group testing, haemoglobin measurement and uterine growth assessment were performed during antenatal care along with whether appropriate action was taken. For intrapartum care, estimation of fetal weight, the performance of pelvimetry, blood pressure monitoring, urine testing, evaluation of head above pelvis, fetal heart rate monitoring, monitoring of contractions and plotting of cervical dilatation, and whether the appropriate actions were taken, were assessed. Eight of the 13 midwives at the two MOUs completed the PEP and all demonstrated an improvement in knowledge. Case notes of 303 patients from the various clinics were studied. There was no change in the referral patterns of any of the clinics during the study period. The obstetric history was well documented, but in no group was there a satisfactory response to a detected problem; appropriate action was taken in between 0% and 12% of cases. Syphilis testing was performed in 56-82% of cases, with no difference between the groups. The haemoglobin level was measured in only 4-15% of patients, with no difference before or after completion of the PEP. Where a problem in uterine growth was detected, an appropriate response occurred in 0-8% of patients and no difference before or after completion of the PEP was ascertained. In all groups, estimation of fetal weight and pelvimetry were seldom performed, the urine and fetal heart rate documentation were moderately well done and the blood pressure monitoring, assessment of head above pelvis, monitoring of contractions and plotting of cervical dilatation were usually performed. No differences before or after the PEP were detected. Where problems were detected, appropriate actions taken during labour improved, but not significantly."
24160268,retrieval_failure,,,"""Would a man smell a rose then throw it away?","Jordanian men perceive themselves as having a vital role in supporting, guiding and encouraging their wives to follow breast cancer early detection recommendations. Breast health awareness campaigns could involve husbands to capitalize on family support.","The provided biomedical contexts do not contain information relevant to the question of whether a man would smell a rose and then throw it away. The retrieved sources discuss topics such as marital dynamics, cultural perceptions of breast cancer, confidentiality breaches in medical scenarios, and emergency preparedness, but none address sensory behaviors like smelling a rose or discarding objects. Thus, the question cannot be answered based on the given evidence.","The generated answer correctly identifies that the retrieved contexts (which focus on breast cancer awareness, confidentiality breaches, and emergency preparedness) contain no information about sensory behaviors like smelling a rose or discarding objects. The answer appropriately abstains from making unsupported claims about the hypothetical scenario.","Rank 1 | PubMed ID 24160268 | chunk 1
An explorative qualitative design was used to purposively recruit 24 married men aged 27 to 65 years (median 43 years) from four governorates in Jordan. Data in the form of interviews transcriptions was subjected to qualitative content analysis. Three themes were identified: a) Supporting one's wife; b) Marital needs and obligations; c) Constrained by a culture of destiny and shame. The first theme was built on men's feelings of responsibility for the family's health and well-being, their experiences of encouraging their wives to seek health care and their providing counselling and instrumental support. The second theme emerged from men's views about other men's rejection of a wife inflicted by breast cancer, their own perceptions of diminished femininity due to mastectomy and their own concerns about protecting the family from the hereditary risk of breast cancer. The third theme was seen in men's perception of breast cancer as an inevitable act of God that is far away from one's own family, in associating breast cancer with improper behaviour and in their readiness to face the culture of Eib (shame).

Rank 2 | PubMed ID 19822586 | chunk 1
A retrospective study was undertaken of published cases both fatal and nonfatal and included personal communications, referenced citations, clinical experience, and theoretical formulations as to causation. Characteristic AEA manifestations, prevalence, age range, methods of inducing hypoxia/anoxia, and gender weighting are presented. All sources were used as a basis for additional considerations of etiology and possibilities for intervention. AEA can be conceptualized as a personalized, ritualized, and symbolic biopsychosocial drama. It seems to be a reenactment of intense emotional feeling-states involving an identification and sadomasochistic relationship with a female figure. Inept AEA practitioners can miscalculate the peril of the situation that they have contrived and for numerous reasons lose their gamble with death.

Rank 3 | PubMed ID 19394934 | chunk 0
The incidence of large-scale urban attacks on civilian populations has significantly increased across the globe over the past decade. These incidents often result in Hospital Multiple Casualty Incidents (HMCI), which are very challenging to hospital teams. 15 years ago the Emergency and Disaster Medicine Division in the Israeli Ministry of Health defined a key of 20 percent of each hospital's bed capacity as its readiness for multiple casualties. Half of those casualties are expected to require immediate medical treatment. This study was performed to evaluate the efficacy of the current readiness guidelines based on the epidemiology of encountered HMCIs.

Rank 4 | PubMed ID 16816043 | chunk 1
In a study in France, breaching confidentiality in 48 scenarios were accepted by 144 lay people, 10 psychologists and 7 physicians. The scenarios were all possible combinations of five factors: severity of the disease (severe, lethal); time taken to discuss this with (little time, much time); intent to inform the spouse about the disease (none, one of these days, immediately); intent to adopt protective behaviours (no intent, intent); and decision to consult an expert in STDs (yes, no), 2 x 2 x 3 x 2 x 2. The importance and interactions of each factor were determined, at the group level, by performing analyses of variance and constructing graphs. The concept of breaching confidentiality to protect a wife from her husband's STD was favoured much more by lay people and psychologists than by physicians (mean ratings 11.76, 9.28 and 2.90, respectively, on a scale of 0-22). The patient's stated intentions to protect his wife and to inform her of the disease had the greatest impact on acceptability. A cluster analysis showed groups of lay participants who found breaching confidentiality ""always acceptable"" (n = 14), ""depending on the many circumstances"" (n = 87), requiring ""consultation with an expert"" (n = 30) and ""never acceptable (n = 13)"".

Rank 5 | PubMed ID 16816043 | chunk 0
To determine under what conditions lay people and health professionals find it acceptable for a physician to breach confidentiality to protect the wife of a patient with a sexually transmitted disease (STD). In a study in France, breaching confidentiality in 48 scenarios were accepted by 144 lay people, 10 psychologists and 7 physicians. The scenarios were all possible combinations of five factors: severity of the disease (severe, lethal); time taken to discuss this with (little time, much time); intent to inform the spouse about the disease (none, one of these days, immediately); intent to adopt protective behaviours (no intent, intent); and decision to consult an expert in STDs (yes, no), 2 x 2 x 3 x 2 x 2. The importance and interactions of each factor were determined, at the group level, by performing analyses of variance and constructing graphs."
24977765,generation_failure,,,Are pediatric concussion patients compliant with discharge instructions?,"Pediatric patients discharged from the ED are mostly compliant with concussion instructions. However, a significant number of patients RTP on the day of injury, while experiencing symptoms or without medical clearance.","The provided context indicates that a study evaluated compliance with discharge instructions for pediatric concussion patients, but it does not specify the exact compliance rate. The study found that 39% of sports-related concussions resulted in return to play (RTP) on the day of injury, suggesting non-compliance with rest recommendations. However, follow-up surveys at 2 weeks and 4 weeks were conducted, and some patients received medical clearance, implying partial adherence. Since the context does not provide a definitive compliance rate, the answer is that the study aimed to assess compliance but the specific rate is not detailed in the retrieved information. 

**Answer:** The context does not provide enough information to determine the exact compliance rate, but the study aimed to evaluate adherence to discharge instructions, with some evidence of non-compliance (e.g., 39% of sports-related concussions returned to play on the day of injury). 

**PubMed ID:** 24977765",The generated answer correctly references the 39% RTP rate from the context but does not explicitly align with the reference answer's 'yes' (mostly compliant). It acknowledges non-compliance but omits the reference's emphasis on partial adherence and majority compliance. The answer is substantively supported by the context but incomplete relative to the reference.,"Rank 1 | PubMed ID 24977765 | chunk 0
Concussions are commonly diagnosed in pediatric patients presenting to the emergency department (ED). The primary objective of this study was to evaluate compliance with ED discharge instructions for concussion management. A prospective cohort study was conducted from November 2011 to November 2012 in a pediatric ED at a regional Level 1 trauma center, serving 35,000 pediatric patients per year. Subjects were aged 8 years to 17 years and were discharged from the ED with a diagnosis of concussion. Exclusion criteria included recent (past 3 months) diagnosis of head injury, hospital admission, intracranial injury, skull fracture, suspected nonaccidental trauma, or preexisting neurologic condition. Subjects were administered a baseline survey in the ED and were given standardized discharge instructions for concussion by the treating physician. Telephone follow-up surveys were conducted at 2 weeks and 4 weeks after ED visit.

Rank 2 | PubMed ID 24977765 | chunk 1
A prospective cohort study was conducted from November 2011 to November 2012 in a pediatric ED at a regional Level 1 trauma center, serving 35,000 pediatric patients per year. Subjects were aged 8 years to 17 years and were discharged from the ED with a diagnosis of concussion. Exclusion criteria included recent (past 3 months) diagnosis of head injury, hospital admission, intracranial injury, skull fracture, suspected nonaccidental trauma, or preexisting neurologic condition. Subjects were administered a baseline survey in the ED and were given standardized discharge instructions for concussion by the treating physician. Telephone follow-up surveys were conducted at 2 weeks and 4 weeks after ED visit. A total of 150 patients were enrolled. The majority (67%) of concussions were sports related. Among sports-related concussions, soccer (30%), football (11%), lacrosse (8%), and basketball (8%) injuries were most common. More than one third (39%) reported return to play (RTP) on the day of the injury. Physician follow-up was equivalent for sport and nonsport concussions (2 weeks, 58%; 4 weeks, 64%). Sports-related concussion patients were more likely to follow up with a trainer (2 weeks, 25% vs. 10%, p = 0.06; 4 weeks, 29% vs. 8%, p<0.01). Of the patients who did RTP or normal activities at 2 weeks (44%), more than one third (35%) were symptomatic, and most (58%) did not receive medical clearance. Of the patients who had returned to activities at 4 weeks (64%), less than one quarter (23%) were symptomatic, and most (54%) received medical clearance.

Rank 3 | PubMed ID 10966337 | chunk 0
We evaluated the usefulness of a short stay or 23-hour ward in a pediatric unit of a large teaching hospital, Westmead Hospital, and an academic Children's hospital, The New Children's Hospital, to determine if they are a useful addition to the emergency service. This is a descriptive comparison of prospectively collected data on all children admitted to the short stay ward at Westmead Hospital (WH) during 1994 and the short stay ward at the New Children's Hospital (NCH) during 1997-98. These hospitals service an identical demographic area with the latter (NCH) a tertiary referral center. The following outcome measures were used: length of stay, appropriateness of stay, rate of admission to an in-hospital bed, and rate of unscheduled visits within 72 hours of discharge. Adverse events were reported and patient follow-up was attempted at 48 hours after discharge in all cases.

Rank 4 | PubMed ID 10158597 | chunk 2
The quality and out come of discharge planning. Readmission rates, duration of stay, appropriateness of days of care, patients' health and satisfaction, problems after discharge, and receipt of services. The discharge coordinator resulted in an improved discharge planning process, and there was a reduction in problems experienced by patients after discharge, and in perceived need for medical and healthcare services. There was no evidence that the discharge coordinator resulted in a more timely or effective provision of community services after discharge, or that the appropriateness or efficiency of bed use was improved.

Rank 5 | PubMed ID 26134053 | chunk 1
We distributed surveys to all Royal College-accredited adult and pediatric EM training programs using a modified Dillman method. We analyzed the data using student's t-test for continuous variables and Fisher's exact test for categorical variables. We received 210 completed surveys from 260 eligible residents (80.8%) and 21 of 24 program directors (87.5%) (overall 81.3%). Mandatory active outcome feedback was not present in any EM training program for admitted or discharged patients (0/21). Follow-up was performed electively by 89.4% of residents for patients admitted to the hospital, and by 44.2% of residents for patients discharged home. A majority of residents (76.9%) believed that patient follow-up should be mandatory compared to 42.9% of program directors (p=0.002). The perceived educational value of outcome feedback was 5.8/7 for residents and 5.1/7 for program directors (difference 0.7; p=0.002) based on a seven-point Likert scale (1=not important; 7=very important)."
26134053,retrieval_failure,,,Outcome Feedback within Emergency Medicine Training Programs: An Opportunity to Apply the Theory of Deliberate Practice?,"While Canadian EM training programs do not mandate follow-up, it is performed electively by the majority of residents surveyed. Residents place a significantly greater educational value on outcome feedback than their program directors, and believe that follow-up should be a mandatory component of EM residencies.","The study highlights that outcome feedback is perceived as educationally valuable by residents (5.8/7) and program directors (5.1/7), though differences exist in its perceived necessity and implementation. However, the context does not explicitly discuss the application of deliberate practice theory or its potential integration into emergency medicine training programs. While residents emphasize the importance of follow-up for learning, the absence of mandatory structured feedback mechanisms in programs suggests a gap in aligning feedback practices with deliberate practice principles. Thus, the context supports the potential relevance of outcome feedback to deliberate practice but does not directly address its application in this framework. 

**PubMed ID:** 26134053","The generated answer correctly identifies that outcome feedback is valued by residents (5.8/7) and program directors (5.1/7) and notes the absence of mandatory structured feedback mechanisms. It accurately reflects the context's finding that 76.9% of residents believed follow-up should be mandatory. The answer appropriately acknowledges the lack of deliberate practice theory discussion in the retrieved context, aligning with the reference answer's focus on the gap between resident and director perspectives. The failure to address deliberate practice application stems from insufficient retrieval, not generation.","Rank 1 | PubMed ID 26134053 | chunk 0
Outcome feedback is the process of learning patient outcomes after their care within the emergency department. We conducted a national survey of Canadian Royal College emergency medicine (EM) residents and program directors to determine the extent to which active outcome feedback and follow-up occurred. We also compared the perceived educational value of outcome feedback between residents and program directors. We distributed surveys to all Royal College-accredited adult and pediatric EM training programs using a modified Dillman method. We analyzed the data using student's t-test for continuous variables and Fisher's exact test for categorical variables.

Rank 2 | PubMed ID 26134053 | chunk 1
We distributed surveys to all Royal College-accredited adult and pediatric EM training programs using a modified Dillman method. We analyzed the data using student's t-test for continuous variables and Fisher's exact test for categorical variables. We received 210 completed surveys from 260 eligible residents (80.8%) and 21 of 24 program directors (87.5%) (overall 81.3%). Mandatory active outcome feedback was not present in any EM training program for admitted or discharged patients (0/21). Follow-up was performed electively by 89.4% of residents for patients admitted to the hospital, and by 44.2% of residents for patients discharged home. A majority of residents (76.9%) believed that patient follow-up should be mandatory compared to 42.9% of program directors (p=0.002). The perceived educational value of outcome feedback was 5.8/7 for residents and 5.1/7 for program directors (difference 0.7; p=0.002) based on a seven-point Likert scale (1=not important; 7=very important).

Rank 3 | PubMed ID 24866606 | chunk 0
Recent years have seen a rapid proliferation of emergency ultrasound (EUS) programs in the United States. To date, there is no evidence supporting that EUS fellowships enhance residents' ultrasound (US) educational experiences. The purpose of this study was to determine the impact of EUS fellowships on emergency medicine (EM) residents' US education. We conducted a cross-sectional study at 9 academic medical centers. A questionnaire on US education and bedside US use was pilot tested and given to EM residents. The primary outcomes included the number of US examinations performed, scope of bedside US applications, barriers to residents' US education, and US use in the emergency department. The secondary outcomes were factors that would impact residents' US education. The outcomes were compared between residency programs with and without EUS fellowships.

Rank 4 | PubMed ID 25186850 | chunk 0
To compare the effect of student examiners (SE) to that of faculty examiners (FE) on examinee performance in an OSCE as well as on post-assessment evaluation in the area of emergency medicine management. An OSCE test-format (seven stations: Advanced Cardiac Life Support (ACLS), Basic Life Support (BLS), Trauma-Management (TM), Pediatric-Emergencies (PE), Acute-Coronary-Syndrome (ACS), Airway-Management (AM), and Obstetrical-Emergencies (OE)) was administered to 207 medical students in their third year of training after they had received didactics in emergency medicine management. Participants were randomly assigned to one of the two simultaneously run tracks: either with SE (n = 110) or with FE (n = 98). Students were asked to rate each OSCE station and to provide their overall OSCE perception by means of a standardized questionnaire. The independent samples t-test was used and effect sizes were calculated (Cohens d).

Rank 5 | PubMed ID 25186850 | chunk 1
An OSCE test-format (seven stations: Advanced Cardiac Life Support (ACLS), Basic Life Support (BLS), Trauma-Management (TM), Pediatric-Emergencies (PE), Acute-Coronary-Syndrome (ACS), Airway-Management (AM), and Obstetrical-Emergencies (OE)) was administered to 207 medical students in their third year of training after they had received didactics in emergency medicine management. Participants were randomly assigned to one of the two simultaneously run tracks: either with SE (n = 110) or with FE (n = 98). Students were asked to rate each OSCE station and to provide their overall OSCE perception by means of a standardized questionnaire. The independent samples t-test was used and effect sizes were calculated (Cohens d). Students achieved significantly higher scores for the OSCE stations ""TM"", ""AM"", and ""OE"" as well as ""overall OSCE score"" in the SE track, whereas the station score for ""PE"" was significantly higher for students in the FE track. Mostly small effect sizes were reported. In the post-assessment evaluation portion of the study, students gave significant higher ratings for the ACS station and ""overall OSCE evaluation"" in the FE track; also with small effect sizes."
27136599,retrieval_failure,,,Is it safe to perform rectal anastomosis in gynaecological debulking surgery without a diverting stoma?,Low rectal resection during debulking procedures for gynaecological cancers with peritoneal carcinomatosis can safely be performed by an experienced surgeon without a diverting stoma.,"The provided context does not contain sufficient information to determine the safety of performing rectal anastomosis in gynaecological debulking surgery without a diverting stoma. While Source 1 mentions that some patients underwent a diverting loop ileostomy, it does not report complication rates (e.g., anastomotic leakage) specifically in the absence of a stoma. The study's primary outcome compared leakage with and without a stoma, but no explicit data on safety or outcomes without a stoma are provided. Thus, the evidence is inconclusive. 

PubMed ID: 27136599","The generated answer correctly identifies that the retrieved context lacks explicit data on safety outcomes without a diverting stoma, despite the study comparing leakage rates with and without stoma. The reference answer's 'yes' is not supported by the provided context, which does not include the study's results or complication rates.","Rank 1 | PubMed ID 27136599 | chunk 0
Patient data were retrospectively collected from a database for gynaecological cancer procedures carried out between January 2013 and July 2015. All patients who underwent a colorectal resection during cytoreduction were included in the study. The primary outcome was anastomotic leakage in the presence or absence of a diverting stoma. Secondary outcome parameters were complications and reoperations. In the period of study, 43 major colorectal procedures were performed on 37 women. The most common colorectal procedure was low rectal resection (n = 22; 59%) followed by anterior rectal resection (n = 7; 19%) and sigmoid resection (n = 4; 11%). Five (14%) patients underwent Hartmann's procedure. In three (8%) patients, a diverting loop ileostomy was created.

Rank 2 | PubMed ID 25489696 | chunk 0
Radiotherapy reduces local recurrence rates but is also capable of short- and long-term toxicity. It may also render treatment of local recurrence more challenging if it develops despite previous radiotherapy. This study examined the impact of radiotherapy for the primary rectal cancer on outcomes after pelvic exenteration for local recurrence. We conducted a retrospective review of exenteration databases. The study took place at a quaternary referral center that specializes in pelvic exenteration. Patients referred for pelvic exenteration from October 1994 to November 2012 were reviewed. Patients who did and did not receive radiotherapy as part of their primary rectal cancer treatment were compared. The main outcomes of interest were resection margins, overall survival, disease-free survival, and surgical morbidities.

Rank 3 | PubMed ID 19302863 | chunk 0
The present study aims to compare strength, healing, and operation time of experimental intestinal anastomoses performed by polyglactin 910 (Vicryl; Ethicon, Edinburgh, United Kingdom) sutures with ethyl-2-cyanoacrylate glue (Pattex; Henkel, Dusseldorf, Germany).

Rank 4 | PubMed ID 25489696 | chunk 1
The main outcomes of interest were resection margins, overall survival, disease-free survival, and surgical morbidities. There were 108 patients, of which 87 were eligible for analysis. Patients who received radiotherapy for their primary rectal cancer (n = 41) required more radical exenterations (68% vs 44%; p = 0.020), had lower rates of clear resection margins (63% vs 87%; p = 0.010), had increased rates of surgical complications per patient (p = 0.014), and had a lower disease-free survival (p = 0.022). Overall survival and disease-free survival in patients with clear margins were also lower in the primary irradiated patients (p = 0.049 and p<0.0001). This difference in survival persisted in multivariate analysis that corrected for T and N stages of the primary tumor. This study is limited by its retrospective nature and heterogeneous radiotherapy regimes among radiotherapy patients.

Rank 5 | PubMed ID 17208539 | chunk 0
The transanal endorectal pull-through (TERPT) is becoming the most popular procedure in the treatment of Hirschsprung disease (HD), but overstretching of the anal sphincters remains a critical issue that may impact the continence. This study examined the long-term outcome of TERPT versus conventional transabdominal (ABD) pull-through for HD."
27581329,generation_failure,,,Estimation of basal metabolic rate in Chinese: are the current prediction equations applicable?,"To date, the newly developed Singapore equation is the most accurate BMR prediction equation in Chinese and is applicable for use in a large BMI range including those overweight and obese.","The current prediction equations for basal metabolic rate (BMR) in Chinese adults may not be optimal. A study (PubMed ID: 27581329) developed a new BMR equation specifically for Chinese adults, which demonstrated higher accuracy (78% within 10% error) compared to existing equations like Harris-Benedict (45%), Yang (37%), and others. The new equation (BMR = 52.6 × weight + 828 × gender + 1960; gender = 1 for men, 0 for women) showed better performance across a wide BMI range (16–41 kg/m²) and was validated in a separate cohort with 80% accuracy. While some existing equations (e.g., Singapore equation) also showed reasonable accuracy for BMI >23, the study highlights that equations tailored to Chinese populations provide more reliable estimates than general equations. Thus, current equations may not be fully applicable, and the newly derived equation is recommended for improved precision.","The generated answer contradicts the PubMedQA reference answer by concluding current equations may not be fully applicable, while the reference explicitly states they are applicable (with the Singapore equation as the most accurate). The retrieved context supports the new equation's higher accuracy (78% vs. Singapore's 76% for BMI >23), but the reference answer's decision ('yes') indicates current equations are still considered applicable, leading to a material factual conflict.","Rank 1 | PubMed ID 27581329 | chunk 1
Measurement of basal metabolic rate (BMR) is suggested as a tool to estimate energy requirements. Therefore, BMR prediction equations have been developed in multiple populations because indirect calorimetry is not always feasible. However, there is a paucity of data on BMR measured in overweight and obese adults living in Asia and equations developed for this group of interest. The aim of this study was to develop a new BMR prediction equation for Chinese adults applicable for a large BMI range and compare it with commonly used prediction equations. Subjects were 121 men and 111 women (age: 21-67 years, BMI: 16-41 kg/m(2)). Height, weight, and BMR were measured. Continuous open-circuit indirect calorimetry using a ventilated hood system for 30 min was used to measure BMR. A regression equation was derived using stepwise regression and accuracy was compared to 6 existing equations (Harris-Benedict, Henry, Liu, Yang, Owen and Mifflin). Additionally, the newly derived equation was cross-validated in a separate group of 70 Chinese subjects (26 men and 44 women, age: 21-69 years, BMI: 17-39 kg/m(2)).

Rank 2 | PubMed ID 27581329 | chunk 0
Measurement of basal metabolic rate (BMR) is suggested as a tool to estimate energy requirements. Therefore, BMR prediction equations have been developed in multiple populations because indirect calorimetry is not always feasible. However, there is a paucity of data on BMR measured in overweight and obese adults living in Asia and equations developed for this group of interest. The aim of this study was to develop a new BMR prediction equation for Chinese adults applicable for a large BMI range and compare it with commonly used prediction equations.

Rank 3 | PubMed ID 27581329 | chunk 2
Subjects were 121 men and 111 women (age: 21-67 years, BMI: 16-41 kg/m(2)). Height, weight, and BMR were measured. Continuous open-circuit indirect calorimetry using a ventilated hood system for 30 min was used to measure BMR. A regression equation was derived using stepwise regression and accuracy was compared to 6 existing equations (Harris-Benedict, Henry, Liu, Yang, Owen and Mifflin). Additionally, the newly derived equation was cross-validated in a separate group of 70 Chinese subjects (26 men and 44 women, age: 21-69 years, BMI: 17-39 kg/m(2)). The equation developed from our data was: BMR (kJ/d) = 52.6 x weight (kg) + 828 x gender + 1960 (women = 0, men = 1; R(2) = 0.81). The accuracy rate (within 10 % accurate) was 78 % which compared well to Owen (70 %), Henry (67 %), Mifflin (67 %), Liu (58 %), Harris-Benedict (45 %) and Yang (37 %) for the whole range of BMI. For a BMI greater than 23, the Singapore equation reached an accuracy rate of 76 %. Cross-validation proved an accuracy rate of 80 %.

Rank 4 | PubMed ID 28707539 | chunk 0
Measurement of visceral adipose tissue (VAT) needs to be accurate and sensitive to change for risk monitoring. The purpose of this study is to determine the CT slice location where VAT area can best reflect changes in VAT volume and body weight. 60 plain abdominal CT images from 30 males [mean age (range) 51 (41-68) years, mean body weight (range) 71.1 (101.9-50.9) kg] who underwent workplace screenings twice within a 1-year interval were evaluated. Automatically calculated and manually corrected areas of the VAT of various scan levels using ""freeform curve"" region of interest on CT were recorded and compared with body weight changes. The strongest correlations of VAT area with VAT volume and body weight changes were shown in a slice 3 cm above the lower margin of L3 with r values of 0.853 and 0.902, respectively.

Rank 5 | PubMed ID 26452334 | chunk 0
The aim of this study was to assess the reproducibility of different measurement methods and define the most workable technique for measuring head and neck paragangliomas, to determine the best method for evaluating tumour growth. The evaluation of tumour growth is vital for a 'wait-and-scan' policy, a management strategy that became increasingly important. Method comparison study. Thirty tumours, including carotid body, vagal body, jugulotympanic tumours and conglomerates of multiple tumours, were measured in duplicate, using linear dimensions, manual area tracing and an automated segmentation method. Reproducibility was assessed using the Bland-Altman method."
28359277,retrieval_failure,,,Do healthier lifestyles lead to less utilization of healthcare resources?,"Healthy lifestyles lead to an increase in the utilization of preventive health services. However, there is not much significantly reducing the number of outpatient visits in people with health behaviors. Specifically, people with regular exercise habits and who take their blood pressure measurement regularly have an increased number of outpatient visits. It is suggested that more available and accessible health consultation services be provided to inculcate in the general public the importance of maintaining a healthy lifestyle.","The provided context indicates that health behaviors (e.g., exercise, diet, blood pressure monitoring, drinking habits) are significantly correlated with healthcare utilization (P<0.05) in a Taiwanese population study (PubMed ID: 28359277). However, the direction of this correlation (whether healthier lifestyles lead to *less* or *more* utilization) is not explicitly stated in the evidence. While the study demonstrates a statistical association, it does not clarify whether healthier behaviors reduce or increase healthcare resource use. Thus, the context does not provide sufficient information to definitively answer the question. 

**Answer:** The context shows a significant correlation between health behaviors and healthcare utilization, but the direction of this relationship (whether healthier lifestyles lead to less utilization) is not specified. Therefore, the evidence does not conclusively support or refute the claim.","The generated answer correctly identifies that the retrieved context shows a significant correlation between health behaviors and healthcare utilization (P<0.05) but does not specify the direction of the relationship. However, the reference answer explicitly states 'no' with supporting details about increased outpatient visits for healthy behaviors, which the generated answer does not directly address. The context lacks explicit information about whether healthier lifestyles reduce or increase utilization, making retrieval insufficient for a definitive answer.","Rank 1 | PubMed ID 28359277 | chunk 0
Governments are urged to determine methods to control the use of medical resources and curb the rise of healthcare costs. The question is, do health behaviors have an impact on the use of medical resources? This study aims to identify and understand the difference in the number of outpatient visits and health examinations based on various health behaviors and to determine whether patients seek medical care for illness from the same physicians. This study used the dataset derived from the Department of Budget, Accounting and Statistics of Kaohsiung, Taiwan in 2005. Persons older than 15 years were surveyed using an on-site questionnaire. A total of 2911 persons were enrolled in this study. Independent t-tests, chi-square tests, one-way ANOVA, multiple linear regression and binominal logistic regression were used in the data analysis.

Rank 2 | PubMed ID 28359277 | chunk 1
This study used the dataset derived from the Department of Budget, Accounting and Statistics of Kaohsiung, Taiwan in 2005. Persons older than 15 years were surveyed using an on-site questionnaire. A total of 2911 persons were enrolled in this study. Independent t-tests, chi-square tests, one-way ANOVA, multiple linear regression and binominal logistic regression were used in the data analysis. The regression model for the frequency of doctor visits, health examinations, and whether the same physician is sought for medical care has demonstrated significant correlations with gender, age and education-level variables. Four health behaviors (i.e., exercise habits, dietary habits, regular blood pressure measurement, drinking habits) exhibited a significant correlation with healthcare utilization (P<0.05).

Rank 3 | PubMed ID 22867778 | chunk 1
An online survey was conducted to elicit the relative importance placed on preventing harms caused by 1) health care (hospital-acquired infections, drug administration errors, injuries to health care staff), 2) individuals (personal lifestyle choices, sports-related injuries), and 3) nature (genetic disorders). Direct valuations were obtained from members of the public by using a person trade-off or ""matching"" method. Participants were asked to choose between two preventative interventions of equal cost and equal health benefit per person for the same number of people, but differing in causation. If participants indicated a preference, their strength of preference was measured by using person trade-off. Responses were obtained from 1030 people, reflecting the sociodemographic mix of the UK population. Participants valued interventions preventing hospital-acquired infections (1.31) more highly than genetic disorders (1.0), although drug errors were valued similarly to genetic disorders (1.07), and interventions to prevent injury to health care staff were given less weight than genetic disorders (0.71). Less weight was also given to interventions related to lifestyle (0.65) and sports injuries (0.41).

Rank 4 | PubMed ID 22867778 | chunk 0
Health services often spend more on safety interventions than seems cost-effective. This study investigates whether the public value safety-related health care improvements more highly than the same improvements in contexts where the health care system is not responsible. An online survey was conducted to elicit the relative importance placed on preventing harms caused by 1) health care (hospital-acquired infections, drug administration errors, injuries to health care staff), 2) individuals (personal lifestyle choices, sports-related injuries), and 3) nature (genetic disorders). Direct valuations were obtained from members of the public by using a person trade-off or ""matching"" method. Participants were asked to choose between two preventative interventions of equal cost and equal health benefit per person for the same number of people, but differing in causation. If participants indicated a preference, their strength of preference was measured by using person trade-off.

Rank 5 | PubMed ID 11458136 | chunk 1
Usual source of care, usual physician, managed care enrollment, managed care penetration. High managed care penetration in the community is associated with a lower likelihood of having a usual source of care for uninsured persons (54.8% vs. 62.2% in low penetration areas) as well as a lower likelihood of having a usual physician (60% vs. 72.8%). Managed care has only marginal effects on the likelihood of having a usual source of care for privately insured and Medicaid beneficiaries. Having a usual physician substantially reduces unmet medical needs for the insured but less so for the uninsured."
